{"cameraMode":{"drawMode":0,"name":"Shaded","section":"Shading Mode"},"sceneLighting":true,"audioPlay":false,"sceneViewState":{"m_AlwaysRefresh":false,"showFog":true,"showSkybox":true,"showFlares":true,"showImageEffects":true,"showParticleSystems":true,"showVisualEffectGraphs":true,"m_FxEnabled":true},"in2DMode":false,"pivot":{"x":5.95446252822876,"y":-3.0907812118530275,"z":0.17723703384399415},"rotation":{"x":0.4999634325504303,"y":-0.16596943140029908,"z":0.09831037372350693,"w":0.8443623185157776},"size":21.710800170898439,"orthographic":false}